threshold,precision,recall,F0.5,true_positives,false_positives,false_negatives,candidate_recall,singleton_accuracy,singleton_count,true_pairs,candidate_count,s1_count
0.05,0.7779664855072463,0.8477483035163479,0.7909884189441209,6871,1961,1234,0.8531770512029612,0.2802547770700637,157,8105,54515,2376
0.07500000000000001,0.8091747458027903,0.8444170265268353,0.8159858835872857,6844,1614,1261,0.8531770512029612,0.39490445859872614,157,8105,54515,2376
0.10000000000000002,0.8310802581902326,0.8419494139420111,0.8332315807467826,6824,1387,1281,0.8531770512029612,0.4394904458598726,157,8105,54515,2376
0.12500000000000003,0.8455425875341446,0.8402220851326342,0.8444731033456512,6810,1244,1295,0.8531770512029612,0.49044585987261147,157,8105,54515,2376
0.15000000000000002,0.8608332278080284,0.8387415175817396,0.8563222734487189,6798,1099,1307,0.8531770512029612,0.5222929936305732,157,8105,54515,2376
0.17500000000000004,0.8726664091669886,0.8362739049969155,0.8651367012993644,6778,989,1327,0.8531770512029612,0.5605095541401274,157,8105,54515,2376
0.20000000000000007,0.8824680406991913,0.8346699568167798,0.8724754314013774,6765,901,1340,0.8531770512029612,0.5923566878980892,157,8105,54515,2376
0.22500000000000003,0.890664201769444,0.8322023442319556,0.8783238273823476,6745,828,1360,0.8531770512029612,0.6178343949044586,157,8105,54515,2376
0.25000000000000006,0.8996525921966863,0.8307217766810611,0.88496622065666,6733,751,1372,0.8531770512029612,0.6751592356687898,157,8105,54515,2376
0.2750000000000001,0.9077630511225318,0.8281307834669956,0.8906345372999654,6712,682,1393,0.8531770512029612,0.6878980891719745,157,8105,54515,2376
0.3000000000000001,0.91398143091207,0.8259099321406539,0.894895858399508,6694,630,1411,0.8531770512029612,0.7070063694267515,157,8105,54515,2376
0.32500000000000007,0.9195148842337376,0.8231955582973474,0.898489051684667,6672,584,1433,0.8531770512029612,0.7452229299363057,157,8105,54515,2376
0.3500000000000001,0.9240277777777778,0.8208513263417644,0.9013683782685273,6653,547,1452,0.8531770512029612,0.7770700636942676,157,8105,54515,2376
0.3750000000000001,0.9294925707877768,0.8181369524984577,0.9048606751999126,6631,503,1474,0.8531770512029612,0.7961783439490446,157,8105,54515,2376
0.4000000000000001,0.931850183047029,0.816533004318322,0.9062525675786706,6618,484,1487,0.8531770512029612,0.802547770700637,157,8105,54515,2376
0.4250000000000001,0.9349489795918368,0.8139420111042567,0.9079523245891712,6597,459,1508,0.8531770512029612,0.821656050955414,157,8105,54515,2376
0.4500000000000001,0.9370011402508552,0.8111042566317088,0.9087892946998811,6574,442,1531,0.8531770512029612,0.8343949044585988,157,8105,54515,2376
0.47500000000000014,0.9406111031415866,0.8090067859346083,0.9109727972436023,6557,414,1548,0.8531770512029612,0.8407643312101911,157,8105,54515,2376
0.5000000000000002,0.9432818588540915,0.8064157927205429,0.9123140057508166,6536,393,1569,0.8531770512029612,0.8535031847133758,157,8105,54515,2376
0.5250000000000001,0.946656976744186,0.8035780382479951,0.9141052631578948,6513,367,1592,0.8531770512029612,0.8535031847133758,157,8105,54515,2376
0.5500000000000003,0.9495392716103555,0.8009870450339297,0.9155783713649056,6492,345,1613,0.8531770512029612,0.8662420382165605,157,8105,54515,2376
0.5750000000000002,0.9575929520680901,0.7912399753238741,0.918952225374717,6413,284,1692,0.8531770512029612,0.8980891719745223,157,8105,54515,2376
0.6000000000000002,0.9607132064067694,0.7844540407156076,0.919397287214044,6358,260,1747,0.8531770512029612,0.910828025477707,157,8105,54515,2376
0.6250000000000002,0.9651855245075585,0.7798889574336829,0.9214017084050028,6321,228,1784,0.8531770512029612,0.9235668789808917,157,8105,54515,2376
0.6500000000000002,0.9682392846130127,0.7748303516347933,0.9222003583071455,6280,206,1825,0.8531770512029612,0.9299363057324841,157,8105,54515,2376
0.6750000000000003,0.9712375621890548,0.7707587908698335,0.923211066118878,6247,185,1858,0.8531770512029612,0.9299363057324841,157,8105,54515,2376
0.7000000000000003,0.9729264475743349,0.7670573719925972,0.9233625427001336,6217,173,1888,0.8531770512029612,0.9299363057324841,157,8105,54515,2376
0.7250000000000003,0.9752092215379757,0.7619987661937075,0.9235278284535096,6176,157,1929,0.8531770512029612,0.9426751592356688,157,8105,54515,2376
0.7500000000000002,0.9773669110615237,0.7565700185070944,0.9234661606578115,6132,142,1973,0.8531770512029612,0.9490445859872612,157,8105,54515,2376
0.7750000000000002,0.9800739193315121,0.7524984577421345,0.9241749249931812,6099,124,2006,0.8531770512029612,0.9617834394904459,157,8105,54515,2376
0.8000000000000003,0.9834307992202729,0.74694632942628,0.924867854196584,6054,102,2051,0.8531770512029612,0.9808917197452229,157,8105,54515,2376
0.8250000000000003,0.9845926897229962,0.7411474398519432,0.9238979974776216,6007,94,2098,0.8531770512029612,0.9808917197452229,157,8105,54515,2376
0.8500000000000003,0.9862172035868482,0.7327575570635411,0.9224054918771162,5939,83,2166,0.8531770512029612,0.9808917197452229,157,8105,54515,2376
0.8750000000000003,0.987998647734956,0.7211597779148674,0.9199219364789575,5845,71,2260,0.8531770512029612,0.9872611464968153,157,8105,54515,2376
0.9000000000000004,0.98959236773634,0.7038864898210981,0.9152895876784855,5705,60,2400,0.8531770512029612,0.9872611464968153,157,8105,54515,2376
0.9250000000000004,0.9925333333333334,0.6888340530536706,0.9121058650547296,5583,42,2522,0.8531770512029612,0.9936305732484076,157,8105,54515,2376
0.9500000000000004,0.9934920044626255,0.6592227020357804,0.9020157342067056,5343,35,2762,0.8531770512029612,0.9936305732484076,157,8105,54515,2376
0.9750000000000003,0.9968697829716193,0.589389265885256,0.8757745755875774,4777,15,3328,0.8531770512029612,1.0,157,8105,54515,2376
0.99,0.9986263736263736,0.4484885872917952,0.8018971983234061,3635,5,4470,0.8531770512029612,1.0,157,8105,54515,2376
0.995,0.9995903318312167,0.30104873534855026,0.6827466562202698,2440,1,5665,0.8531770512029612,1.0,157,8105,54515,2376
0.999,1.0,0.04096236890808143,0.17597794975087458,332,0,7773,0.8531770512029612,1.0,157,8105,54515,2376
