threshold,precision,recall,F0.5,macro_F0.5,micro_F0.5,true_positives,false_positives,false_negatives,candidate_recall,singleton_accuracy,singleton_count,true_pairs,candidate_count,s1_count,model
0.05,0.7062158756824863,0.8298581122763726,0.7182469027743734,0.7182469027743734,0.7279063223739746,6726,2798,1379,0.8421961752004935,0.2229299363057325,157,8105,54515,2376,logistic_regression
0.07500000000000001,0.7419176262178919,0.8267735965453423,0.7420229886879416,0.7420229886879416,0.7574661451857211,6701,2331,1404,0.8421961752004935,0.2929936305732484,157,8105,54515,2376,logistic_regression
0.10000000000000002,0.7682294666513074,0.8228254164096237,0.7591275181254711,0.7591275181254711,0.7785612552242639,6669,2012,1436,0.8421961752004935,0.35668789808917195,157,8105,54515,2376,logistic_regression
0.12500000000000003,0.7866113744075829,0.8191239975323874,0.7704492390941949,0.7704492390941949,0.7929057685417413,6639,1801,1466,0.8421961752004935,0.4012738853503185,157,8105,54515,2376,logistic_regression
0.15000000000000002,0.8020126091173618,0.8161628624305984,0.7810111428998507,0.7810111428998507,0.8048032703117016,6615,1633,1490,0.8421961752004935,0.4585987261146497,157,8105,54515,2376,logistic_regression
0.17500000000000004,0.8153693849771068,0.8129549660703269,0.7887437995322145,0.7887437995322145,0.814885354572213,6589,1492,1516,0.8421961752004935,0.4713375796178344,157,8105,54515,2376,logistic_regression
0.20000000000000007,0.8266179803575926,0.8099938309685379,0.7941111864639238,0.7941111864639238,0.8232387831364583,6565,1377,1540,0.8421961752004935,0.4840764331210191,157,8105,54515,2376,logistic_regression
0.22500000000000003,0.8360404143752398,0.8065391733497841,0.801295510371027,0.801295510371027,0.8299687666641273,6537,1282,1568,0.8421961752004935,0.5414012738853503,157,8105,54515,2376,logistic_regression
0.25000000000000006,0.8452350038950922,0.8032078963602715,0.8072957051277792,0.8072957051277792,0.8364813815434431,6510,1192,1595,0.8421961752004935,0.5796178343949044,157,8105,54515,2376,logistic_regression
0.2750000000000001,0.8523728145129486,0.8,0.8113673577324482,0.8113673577324482,0.8413567591415151,6484,1123,1621,0.8421961752004935,0.5987261146496815,157,8105,54515,2376,logistic_regression
0.3000000000000001,0.8601892576302812,0.7962985811227637,0.8158209638789183,0.8158209638789183,0.8466038775349581,6454,1049,1651,0.8421961752004935,0.6050955414012739,157,8105,54515,2376,logistic_regression
0.32500000000000007,0.8680264757530731,0.7928439235040099,0.8196814413204742,0.8196814413204742,0.851870509319405,6426,977,1679,0.8421961752004935,0.6242038216560509,157,8105,54515,2376,logistic_regression
0.3500000000000001,0.8742490442381212,0.790006169031462,0.8226465305839212,0.8226465305839212,0.8559931552632283,6403,921,1702,0.8421961752004935,0.6305732484076433,157,8105,54515,2376,logistic_regression
0.3750000000000001,0.88029821897004,0.7866748920419494,0.825490259960772,0.825490259960772,0.8598322410119481,6376,867,1729,0.8421961752004935,0.6560509554140127,157,8105,54515,2376,logistic_regression
0.4000000000000001,0.8860494344365312,0.7828500925354719,0.8282641262296296,0.8282641262296296,0.8632887969740674,6345,816,1760,0.8421961752004935,0.6751592356687898,157,8105,54515,2376,logistic_regression
0.4250000000000001,0.8921859545004945,0.7790252930289945,0.8295229504757708,0.8295229504757708,0.8669980501469255,6314,763,1791,0.8421961752004935,0.7006369426751592,157,8105,54515,2376,logistic_regression
0.4500000000000001,0.8983147672093688,0.7760641579272054,0.8318321507650468,0.8318321507650468,0.8708775233295489,6290,712,1815,0.8421961752004935,0.7133757961783439,157,8105,54515,2376,logistic_regression
0.47500000000000014,0.9056931768796176,0.7713756940160394,0.8345114366498056,0.8345114366498056,0.8752134837752331,6252,651,1853,0.8421961752004935,0.732484076433121,157,8105,54515,2376,logistic_regression
0.5000000000000002,0.9103428069147378,0.7666872301048735,0.8351409852751179,0.8351409852751179,0.8774605326329464,6214,612,1891,0.8421961752004935,0.7388535031847133,157,8105,54515,2376,logistic_regression
0.5250000000000001,0.9155285035629454,0.7608883405305367,0.8355255773507764,0.8355255773507764,0.8797683243459157,6167,569,1938,0.8421961752004935,0.7579617834394905,157,8105,54515,2376,logistic_regression
0.5500000000000003,0.9195436805764035,0.7558297347316472,0.8350957434655067,0.8350957434655067,0.8813627600494921,6126,536,1979,0.8421961752004935,0.7643312101910829,157,8105,54515,2376,logistic_regression
0.5750000000000002,0.9233809668592278,0.7494139420111042,0.8348476831666006,0.8348476831666006,0.8824127611354854,6074,504,2031,0.8421961752004935,0.7707006369426752,157,8105,54515,2376,logistic_regression
0.6000000000000002,0.9284943750963168,0.743368291178285,0.8382116864987845,0.8382116864987845,0.8844426176565574,6025,464,2080,0.8421961752004935,0.821656050955414,157,8105,54515,2376,logistic_regression
0.6250000000000002,0.9317012318727584,0.7371992597162246,0.8376619993431516,0.8376619993431516,0.8850016292917025,5975,438,2130,0.8421961752004935,0.8280254777070064,157,8105,54515,2376,logistic_regression
0.6500000000000002,0.9357334596557714,0.7311536088834053,0.8370722210631582,0.8370722210631582,0.886144091874271,5926,407,2179,0.8421961752004935,0.8280254777070064,157,8105,54515,2376,logistic_regression
0.6750000000000003,0.9408189379398593,0.7257248611967921,0.8356227260996313,0.8356227260996313,0.888170809047806,5882,370,2223,0.8421961752004935,0.8343949044585988,157,8105,54515,2376,logistic_regression
0.7000000000000003,0.9482843539648662,0.7126465144972239,0.8326792874433057,0.8326792874433057,0.8894637962364101,5776,315,2329,0.8421961752004935,0.8535031847133758,157,8105,54515,2376,logistic_regression
0.7250000000000003,0.9506584430738456,0.7036397285626157,0.8288918844112817,0.8288918844112817,0.8882900844210461,5703,296,2402,0.8421961752004935,0.8598726114649682,157,8105,54515,2376,logistic_regression
0.7500000000000002,0.9549915397631134,0.6963602714373843,0.8262646733412637,0.8262646733412637,0.8889588911639629,5644,266,2461,0.8421961752004935,0.8598726114649682,157,8105,54515,2376,logistic_regression
0.7750000000000002,0.9580756013745705,0.6879703886489821,0.8234400581176083,0.8234400581176083,0.8883224470288354,5576,244,2529,0.8421961752004935,0.8662420382165605,157,8105,54515,2376,logistic_regression
0.8000000000000003,0.9614035087719298,0.6761258482418261,0.8185739451706159,0.8185739451706159,0.8865879307555412,5480,220,2625,0.8421961752004935,0.8853503184713376,157,8105,54515,2376,logistic_regression
0.8250000000000003,0.9695431472081218,0.6598396051819865,0.8144957509002657,0.8144957509002657,0.8863402830720276,5348,168,2757,0.8421961752004935,0.9299363057324841,157,8105,54515,2376,logistic_regression
0.8500000000000003,0.97331093691676,0.6434299814929056,0.8072638517886424,0.8072638517886424,0.8827910756000948,5215,143,2890,0.8421961752004935,0.9363057324840764,157,8105,54515,2376,logistic_regression
0.8750000000000003,0.9773079906904577,0.6217149907464528,0.7924982606116698,0.7924982606116698,0.8769884089247798,5039,117,3066,0.8421961752004935,0.9363057324840764,157,8105,54515,2376,logistic_regression
0.9000000000000004,0.98099474322685,0.5986428130783467,0.7775023647169494,0.7775023647169494,0.8698770124421815,4852,94,3253,0.8421961752004935,0.9490445859872612,157,8105,54515,2376,logistic_regression
0.9250000000000004,0.9853826311263972,0.5655768044417027,0.75392692683365,0.75392692683365,0.8580092089993636,4584,68,3521,0.8421961752004935,0.9681528662420382,157,8105,54515,2376,logistic_regression
0.9500000000000004,0.99061473486626,0.5209130166563849,0.7228878897864252,0.7228878897864252,0.8392637061185545,4222,40,3883,0.8421961752004935,0.9681528662420382,157,8105,54515,2376,logistic_regression
0.9750000000000003,0.996553704767375,0.4281307834669957,0.6413975057703536,0.6413975057703536,0.787455180865066,3470,12,4635,0.8421961752004935,0.9872611464968153,157,8105,54515,2376,logistic_regression
0.99,0.9983518747424804,0.2989512646514497,0.5096639862958878,0.5096639862958878,0.6801212597541122,2423,4,5682,0.8421961752004935,1.0,157,8105,54515,2376,logistic_regression
0.995,0.999383096853794,0.1998766193707588,0.38955610213376096,0.38955610213376096,0.5552128315854411,1620,1,6485,0.8421961752004935,1.0,157,8105,54515,2376,logistic_regression
0.999,1.0,0.027760641579272053,0.12011651656259498,0.12011651656259498,0.1249305941143809,225,0,7880,0.8421961752004935,1.0,157,8105,54515,2376,logistic_regression
0.05,0.7851603194814215,0.8368908081431216,0.7629507219835371,0.7629507219835371,0.7949883968964628,6783,1856,1322,0.8421961752004935,0.31210191082802546,157,8105,54515,2376,lightgbm_15
0.07500000000000001,0.8142616237051313,0.8340530536705737,0.7873453197889535,0.7873453197889535,0.8181444097499576,6760,1542,1345,0.8421961752004935,0.4140127388535032,157,8105,54515,2376,lightgbm_15
0.10000000000000002,0.8341783108692964,0.8323257248611968,0.8027926448941868,0.8027926448941868,0.833807134205127,6746,1341,1359,0.8421961752004935,0.46496815286624205,157,8105,54515,2376,lightgbm_15
0.12500000000000003,0.8499621116443546,0.8303516347933374,0.8148683610629927,0.8148683610629927,0.8459662619101491,6730,1188,1375,0.8421961752004935,0.5095541401273885,157,8105,54515,2376,lightgbm_15
0.15000000000000002,0.8628182051941373,0.8280074028377544,0.8248492265974863,0.8248492265974863,0.8556238366014739,6711,1067,1394,0.8421961752004935,0.5477707006369427,157,8105,54515,2376,lightgbm_15
0.17500000000000004,0.87357973096513,0.8252930289944479,0.8325235982696517,0.8325235982696517,0.8634755892907856,6689,968,1416,0.8421961752004935,0.5859872611464968,157,8105,54515,2376,lightgbm_15
0.20000000000000007,0.8832097457627118,0.8229487970388649,0.8403784925530426,0.8403784925530426,0.8704617231749014,6670,882,1435,0.8421961752004935,0.6305732484076433,157,8105,54515,2376,lightgbm_15
0.22500000000000003,0.8933315443445592,0.8214682294879704,0.8486553410908961,0.8486553410908961,0.877970303557771,6658,795,1447,0.8421961752004935,0.6815286624203821,157,8105,54515,2376,lightgbm_15
0.25000000000000006,0.9004610794684025,0.8192473781616286,0.8527533180061361,0.8527533180061361,0.8829552405521129,6640,734,1465,0.8421961752004935,0.7006369426751592,157,8105,54515,2376,lightgbm_15
0.2750000000000001,0.9073972602739726,0.8172732880937693,0.857403563378117,0.857403563378117,0.887816646562123,6624,676,1481,0.8421961752004935,0.7197452229299363,157,8105,54515,2376,lightgbm_15
0.3000000000000001,0.9135426753354544,0.8148056755089451,0.8627867088702693,0.8627867088702693,0.891926204046352,6604,625,1501,0.8421961752004935,0.7707006369426752,157,8105,54515,2376,lightgbm_15
0.32500000000000007,0.9196253844003355,0.8117211597779148,0.8649820029150277,0.8649820029150277,0.8958089376650963,6579,575,1526,0.8421961752004935,0.7834394904458599,157,8105,54515,2376,lightgbm_15
0.3500000000000001,0.9241058856660096,0.8097470697100555,0.8680387229726091,0.8680387229726091,0.8987210034782133,6563,539,1542,0.8421961752004935,0.8089171974522293,157,8105,54515,2376,lightgbm_15
0.3750000000000001,0.9288655402527332,0.8071560764959901,0.8703095221906533,0.8703095221906533,0.9016732364859277,6542,501,1563,0.8421961752004935,0.8152866242038217,157,8105,54515,2376,lightgbm_15
0.4000000000000001,0.9324189169881412,0.8051819864281308,0.87165546221828,0.87165546221828,0.9038530788620814,6526,473,1579,0.8421961752004935,0.8152866242038217,157,8105,54515,2376,lightgbm_15
0.4250000000000001,0.9357204486626403,0.8028377544725478,0.8730556602028919,0.8730556602028919,0.9057375908243089,6507,447,1598,0.8421961752004935,0.821656050955414,157,8105,54515,2376,lightgbm_15
0.4500000000000001,0.9390296886314266,0.8,0.8732441152927685,0.8732441152927685,0.9074877536738978,6484,421,1621,0.8421961752004935,0.821656050955414,157,8105,54515,2376,lightgbm_15
0.47500000000000014,0.9418351025156319,0.7991363355953115,0.8748731994796554,0.8748731994796554,0.9093589419593968,6477,400,1628,0.8421961752004935,0.8280254777070064,157,8105,54515,2376,lightgbm_15
0.5000000000000002,0.9449729255085614,0.7966687230104873,0.8758908416443655,0.8758908416443655,0.9110534187431216,6457,376,1648,0.8421961752004935,0.8343949044585988,157,8105,54515,2376,lightgbm_15
0.5250000000000001,0.9479811376363101,0.7937075879086983,0.8773836748125695,0.8773836748125695,0.912508156259752,6433,353,1672,0.8421961752004935,0.8471337579617835,157,8105,54515,2376,lightgbm_15
0.5500000000000003,0.9504965169705054,0.7912399753238741,0.8783938947579922,0.8783938947579922,0.9137149858946229,6413,334,1692,0.8421961752004935,0.8598726114649682,157,8105,54515,2376,lightgbm_15
0.5750000000000002,0.9561614944260319,0.7830968537939543,0.8786451842433252,0.8786451842433252,0.9156880283925325,6347,291,1758,0.8421961752004935,0.8789808917197452,157,8105,54515,2376,lightgbm_15
0.6000000000000002,0.9624636126857669,0.7750771128932757,0.879605634653814,0.879605634653814,0.918072077865139,6282,245,1823,0.8421961752004935,0.89171974522293,157,8105,54515,2376,lightgbm_15
0.6250000000000002,0.9663722299705564,0.7694016039481801,0.880674603724137,0.880674603724137,0.9193030043930772,6236,217,1869,0.8421961752004935,0.910828025477707,157,8105,54515,2376,lightgbm_15
0.6500000000000002,0.9690625,0.7652066625539791,0.8801192039541783,0.8801192039541783,0.9200415368639667,6202,198,1903,0.8421961752004935,0.9235668789808917,157,8105,54515,2376,lightgbm_15
0.6750000000000003,0.9715274500550574,0.7619987661937075,0.8808532111179252,0.8808532111179252,0.9208839054066144,6176,181,1929,0.8421961752004935,0.9426751592356688,157,8105,54515,2376,lightgbm_15
0.7000000000000003,0.9747699143129165,0.7579272054287477,0.880594198639867,0.880594198639867,0.9220124275808244,6143,159,1962,0.8421961752004935,0.9554140127388535,157,8105,54515,2376,lightgbm_15
0.7250000000000003,0.97744,0.7537322640345466,0.880858311880261,0.880858311880261,0.9226702914967527,6109,141,1996,0.8421961752004935,0.9617834394904459,157,8105,54515,2376,lightgbm_15
0.7500000000000002,0.9793648234725133,0.7495373226403454,0.8795114248328155,0.8795114248328155,0.9227754655649056,6075,128,2030,0.8421961752004935,0.9617834394904459,157,8105,54515,2376,lightgbm_15
0.7750000000000002,0.9813281376846891,0.7457125231338679,0.8784327452787344,0.8784327452787344,0.9230017409364405,6044,115,2061,0.8421961752004935,0.9617834394904459,157,8105,54515,2376,lightgbm_15
0.8000000000000003,0.9831092161364382,0.7396668723010488,0.8761489788480545,0.8761489788480545,0.9223928362618088,5995,103,2110,0.8421961752004935,0.9681528662420382,157,8105,54515,2376,lightgbm_15
0.8250000000000003,0.984457671957672,0.7346082665021592,0.8735068939134472,0.8735068939134472,0.9217574387714029,5954,94,2151,0.8421961752004935,0.9681528662420382,157,8105,54515,2376,lightgbm_15
0.8500000000000003,0.9862669569586334,0.7265885256014806,0.8707606511128225,0.8707606511128225,0.9204726624777267,5889,82,2216,0.8421961752004935,0.9808917197452229,157,8105,54515,2376,lightgbm_15
0.8750000000000003,0.9875829222656914,0.7163479333744602,0.8663346163410713,0.8663346163410713,0.9180607823914487,5806,73,2299,0.8421961752004935,0.9808917197452229,157,8105,54515,2376,lightgbm_15
0.9000000000000004,0.9893820713664055,0.7012954966070327,0.8571106758464339,0.8571106758464339,0.9142673315103748,5684,61,2421,0.8421961752004935,0.9936305732484076,157,8105,54515,2376,lightgbm_15
0.9250000000000004,0.992462311557789,0.6822948797038865,0.845469249638695,0.845469249638695,0.9097489553515612,5530,42,2575,0.8421961752004935,0.9936305732484076,157,8105,54515,2376,lightgbm_15
0.9500000000000004,0.9947614593077643,0.656014805675509,0.8305526584826822,0.8305526584826822,0.9016449041885705,5317,28,2788,0.8421961752004935,0.9936305732484076,157,8105,54515,2376,lightgbm_15
0.9750000000000003,0.9968573224387178,0.587045033929673,0.7844041286844492,0.7844041286844492,0.8747288303857043,4758,15,3347,0.8421961752004935,1.0,157,8105,54515,2376,lightgbm_15
0.99,0.9983597594313832,0.4505860579888957,0.6793771135153264,0.6793771135153264,0.803096274794388,3652,6,4453,0.8421961752004935,1.0,157,8105,54515,2376,lightgbm_15
0.995,0.9995894909688013,0.3004318322023442,0.5284876231454068,0.5284876231454068,0.6821110426354418,2435,1,5670,0.8421961752004935,1.0,157,8105,54515,2376,lightgbm_15
0.999,1.0,0.04083898827884022,0.14809409031501278,0.14809409031501278,0.17552232474281473,331,0,7774,0.8421961752004935,1.0,157,8105,54515,2376,lightgbm_15
0.05,0.8061831153388823,0.8365206662553979,0.7819963326782952,0.7819963326782952,0.8120733021918792,6780,1630,1325,0.8421961752004935,0.4012738853503185,157,8105,54515,2376,lightgbm_31
0.07500000000000001,0.8326766806205368,0.8344231955582974,0.8042395604375132,0.8042395604375132,0.8330253984677161,6763,1359,1342,0.8421961752004935,0.49044585987261147,157,8105,54515,2376,lightgbm_31
0.10000000000000002,0.8491873503842762,0.8315854410857495,0.8153834493932537,0.8153834493932537,0.8456076079592503,6740,1197,1365,0.8421961752004935,0.5286624203821656,157,8105,54515,2376,lightgbm_31
0.12500000000000003,0.8626394767218161,0.8298581122763726,0.826058223907681,0.826058223907681,0.8558776372381849,6726,1071,1379,0.8421961752004935,0.5732484076433121,157,8105,54515,2376,lightgbm_31
0.15000000000000002,0.8736664064532917,0.8285009253547193,0.8352308923267017,0.8352308923267017,0.8642436098741281,6715,971,1390,0.8421961752004935,0.6178343949044586,157,8105,54515,2376,lightgbm_31
0.17500000000000004,0.8843663274745606,0.8256631708821714,0.8434148276456908,0.8434148276456908,0.8719672686524379,6692,875,1413,0.8421961752004935,0.6624203821656051,157,8105,54515,2376,lightgbm_31
0.20000000000000007,0.8929001203369434,0.8239358420727946,0.8486996457832713,0.8486996457832713,0.8781988900870572,6678,801,1427,0.8421961752004935,0.6815286624203821,157,8105,54515,2376,lightgbm_31
0.22500000000000003,0.903173311635476,0.8217149907464528,0.8559383862896667,0.8559383862896667,0.8856147442887157,6660,714,1445,0.8421961752004935,0.7006369426751592,157,8105,54515,2376,lightgbm_31
0.25000000000000006,0.9097383920010957,0.8194941394201111,0.8601706682148476,0.8601706682148476,0.8901337478892493,6642,659,1463,0.8421961752004935,0.7261146496815286,157,8105,54515,2376,lightgbm_31
0.2750000000000001,0.9158491087467182,0.8177668106107341,0.8639303444358303,0.8639303444358303,0.8943945159636196,6628,609,1477,0.8421961752004935,0.7452229299363057,157,8105,54515,2376,lightgbm_31
0.3000000000000001,0.9219403401170895,0.8160394818013572,0.8685660388445364,0.8685660388445364,0.8986168854107225,6614,560,1491,0.8421961752004935,0.7770700636942676,157,8105,54515,2376,lightgbm_31
0.32500000000000007,0.925624473758069,0.8138186304750155,0.8704790696923571,0.8704790696923571,0.9008713704280368,6596,530,1509,0.8421961752004935,0.7834394904458599,157,8105,54515,2376,lightgbm_31
0.3500000000000001,0.9304200254560883,0.8117211597779148,0.8734726239559027,0.8734726239559027,0.9039819725741296,6579,492,1526,0.8421961752004935,0.8089171974522293,157,8105,54515,2376,lightgbm_31
0.3750000000000001,0.9334660221779926,0.8101172115977792,0.8748112818136318,0.8748112818136318,0.9058800805717282,6566,468,1539,0.8421961752004935,0.8089171974522293,157,8105,54515,2376,lightgbm_31
0.4000000000000001,0.9369808077914638,0.8071560764959901,0.8765662739716554,0.8765662739716554,0.907778980379097,6542,440,1563,0.8421961752004935,0.821656050955414,157,8105,54515,2376,lightgbm_31
0.4250000000000001,0.9407439446366782,0.8050586057988895,0.8789201747022392,0.8789201747022392,0.9100672264219365,6525,411,1580,0.8421961752004935,0.8471337579617835,157,8105,54515,2376,lightgbm_31
0.4500000000000001,0.9434700681258154,0.8030845157310302,0.8801321755588333,0.8801321755588333,0.9115991148707319,6509,390,1596,0.8421961752004935,0.8535031847133758,157,8105,54515,2376,lightgbm_31
0.47500000000000014,0.9456268221574344,0.8003701418877236,0.880022879918554,0.880022879918554,0.9125052750035166,6487,373,1618,0.8421961752004935,0.8598726114649682,157,8105,54515,2376,lightgbm_31
0.5000000000000002,0.9476693051890941,0.7976557680444171,0.8799491307798121,0.8799491307798121,0.9133161924674371,6465,357,1640,0.8421961752004935,0.8662420382165605,157,8105,54515,2376,lightgbm_31
0.5250000000000001,0.9510035419126328,0.7950647748303517,0.8811039000912396,0.8811039000912396,0.9151069328864779,6444,332,1661,0.8421961752004935,0.8662420382165605,157,8105,54515,2376,lightgbm_31
0.5500000000000003,0.9535677199228602,0.7930906847624923,0.8811118914435954,0.8811118914435954,0.9164789415152984,6428,313,1677,0.8421961752004935,0.8662420382165605,157,8105,54515,2376,lightgbm_31
0.5750000000000002,0.9588465004505857,0.7876619370758791,0.8822669143535938,0.8822669143535938,0.9189049140685724,6384,274,1721,0.8421961752004935,0.8853503184713376,157,8105,54515,2376,lightgbm_31
0.6000000000000002,0.9637471439451637,0.7806292412091301,0.8831290423511561,0.8831290423511561,0.9205587079877783,6327,238,1778,0.8421961752004935,0.8980891719745223,157,8105,54515,2376,lightgbm_31
0.6250000000000002,0.9671224458442157,0.7766810610734115,0.8834115190731868,0.8834115190731868,0.9219120705310331,6295,214,1810,0.8421961752004935,0.8980891719745223,157,8105,54515,2376,lightgbm_31
0.6500000000000002,0.9701145865593063,0.7729796421961752,0.8837782698495564,0.8837782698495564,0.923033856852403,6265,193,1840,0.8421961752004935,0.910828025477707,157,8105,54515,2376,lightgbm_31
0.6750000000000003,0.9725471845265949,0.7692782233189389,0.8843340982586502,0.8843340982586502,0.9237310735132893,6235,176,1870,0.8421961752004935,0.9299363057324841,157,8105,54515,2376,lightgbm_31
0.7000000000000003,0.9748901443816698,0.7664404688463912,0.8854413920915728,0.8854413920915728,0.9245973863602536,6212,160,1893,0.8421961752004935,0.9554140127388535,157,8105,54515,2376,lightgbm_31
0.7250000000000003,0.9763332281476806,0.7634793337446021,0.8848458327618177,0.8848458327618177,0.9247691066144603,6188,150,1917,0.8421961752004935,0.9554140127388535,157,8105,54515,2376,lightgbm_31
0.7500000000000002,0.9792894694917954,0.7584207279457125,0.8852224837503067,0.8852224837503067,0.9253906602836239,6147,130,1958,0.8421961752004935,0.9681528662420382,157,8105,54515,2376,lightgbm_31
0.7750000000000002,0.981159420289855,0.7517581739666872,0.8827301111026801,0.8827301111026801,0.924723023220519,6093,117,2012,0.8421961752004935,0.9681528662420382,157,8105,54515,2376,lightgbm_31
0.8000000000000003,0.9831113998051315,0.74694632942628,0.882032223337392,0.882032223337392,0.9246418425634603,6054,104,2051,0.8421961752004935,0.9808917197452229,157,8105,54515,2376,lightgbm_31
0.8250000000000003,0.9850648284917118,0.7405305367057372,0.8781560756140265,0.8781560756140265,0.9240385503587154,6002,91,2103,0.8421961752004935,0.9808917197452229,157,8105,54515,2376,lightgbm_31
0.8500000000000003,0.9860973187686196,0.735101789019124,0.8749790080554516,0.8749790080554516,0.9230626220060112,5958,84,2147,0.8421961752004935,0.9808917197452229,157,8105,54515,2376,lightgbm_31
0.8750000000000003,0.987254737548214,0.7263417643429981,0.8718913091992451,0.8718913091992451,0.9210814532027412,5887,76,2218,0.8421961752004935,0.9808917197452229,157,8105,54515,2376,lightgbm_31
0.9000000000000004,0.9897488467452589,0.7147439851943245,0.867430605900695,0.867430605900695,0.9190278262524987,5793,60,2312,0.8421961752004935,0.9936305732484076,157,8105,54515,2376,lightgbm_31
0.9250000000000004,0.9922861150070126,0.6983343615052436,0.8550036308973065,0.8550036308973065,0.9152356004010219,5660,44,2445,0.8421961752004935,0.9936305732484076,157,8105,54515,2376,lightgbm_31
0.9500000000000004,0.9943461608608426,0.6726711906230721,0.8407862810431489,0.8407862810431489,0.9075473582581483,5452,31,2653,0.8421961752004935,0.9936305732484076,157,8105,54515,2376,lightgbm_31
0.9750000000000003,0.9967800362245924,0.6111042566317089,0.8037934576633319,0.8037934576633319,0.8850648654444087,4953,16,3152,0.8421961752004935,0.9936305732484076,157,8105,54515,2376,lightgbm_31
0.99,0.9979959919839679,0.4915484268969772,0.7191242005002807,0.7191242005002807,0.8274830723216882,3984,8,4121,0.8421961752004935,1.0,157,8105,54515,2376,lightgbm_31
0.995,0.9989949748743718,0.36792103639728563,0.6023058348404947,0.6023058348404947,0.7438263906211026,2982,3,5123,0.8421961752004935,1.0,157,8105,54515,2376,lightgbm_31
0.999,1.0,0.07242442936458976,0.20574330020719225,0.20574330020719225,0.2807806371376638,587,0,7518,0.8421961752004935,1.0,157,8105,54515,2376,lightgbm_31
0.05,0.7210268427780144,0.8351634793337446,0.7131849086688969,0.7131849086688969,0.7412883019033226,6769,2619,1336,0.8421961752004935,0.16560509554140126,157,8105,54515,2376,lightgbm_text_only
0.07500000000000001,0.748916787023664,0.8317088217149907,0.7307549501008871,0.7307549501008871,0.7641297694348093,6741,2260,1364,0.8421961752004935,0.19745222929936307,157,8105,54515,2376,lightgbm_text_only
0.10000000000000002,0.7693188322839153,0.8291178285009253,0.7461146229952983,0.7461146229952983,0.7805784643977233,6720,2015,1385,0.8421961752004935,0.2484076433121019,157,8105,54515,2376,lightgbm_text_only
0.12500000000000003,0.7868217054263565,0.82652683528686,0.7593569168786036,0.7593569168786036,0.7944545907355138,6699,1815,1406,0.8421961752004935,0.29936305732484075,157,8105,54515,2376,lightgbm_text_only
0.15000000000000002,0.8000240211386019,0.821838371375694,0.7696013493520003,0.7696013493520003,0.8042937525658673,6661,1665,1444,0.8421961752004935,0.34394904458598724,157,8105,54515,2376,lightgbm_text_only
0.17500000000000004,0.8120641135445981,0.818877236273905,0.7789991395819326,0.7789991395819326,0.8134176532588181,6637,1536,1468,0.8421961752004935,0.39490445859872614,157,8105,54515,2376,lightgbm_text_only
0.20000000000000007,0.8213531967721912,0.8162862430598397,0.7860268806503679,0.7860268806503679,0.8203347799132052,6616,1439,1489,0.8421961752004935,0.4267515923566879,157,8105,54515,2376,lightgbm_text_only
0.22500000000000003,0.8304380664652568,0.8139420111042567,0.7931937701628629,0.7931937701628629,0.827085579599308,6597,1347,1508,0.8421961752004935,0.45222929936305734,157,8105,54515,2376,lightgbm_text_only
0.25000000000000006,0.8364747834946511,0.8103639728562616,0.7967804135256414,0.7967804135256414,0.8311188722698859,6568,1284,1537,0.8421961752004935,0.46496815286624205,157,8105,54515,2376,lightgbm_text_only
0.2750000000000001,0.8447253030693835,0.8081431215299199,0.8033875044880053,0.8033875044880053,0.8371462897165205,6550,1204,1555,0.8421961752004935,0.5095541401273885,157,8105,54515,2376,lightgbm_text_only
0.3000000000000001,0.85140771637122,0.805922270203578,0.8082734220993553,0.8082734220993553,0.8419044673008017,6532,1140,1573,0.8421961752004935,0.5286624203821656,157,8105,54515,2376,lightgbm_text_only
0.32500000000000007,0.8577830499538684,0.802961135101789,0.81162876780701,0.81162876780701,0.846227862585494,6508,1079,1597,0.8421961752004935,0.5414012738853503,157,8105,54515,2376,lightgbm_text_only
0.3500000000000001,0.8637997603514845,0.8004935225169648,0.8167151760545579,0.8167151760545579,0.8503499436420352,6488,1023,1617,0.8421961752004935,0.5796178343949044,157,8105,54515,2376,lightgbm_text_only
0.3750000000000001,0.8701036478664692,0.7975323874151758,0.8209441248094851,0.8209441248094851,0.854551704079744,6464,965,1641,0.8421961752004935,0.6178343949044586,157,8105,54515,2376,lightgbm_text_only
0.4000000000000001,0.8758152173913043,0.7953115360888341,0.8249372188381694,0.8249372188381694,0.8584365428152884,6446,914,1659,0.8421961752004935,0.6369426751592356,157,8105,54515,2376,lightgbm_text_only
0.4250000000000001,0.8816820118180569,0.7916101172115978,0.827971827876346,0.827971827876346,0.862064332356972,6416,861,1689,0.8421961752004935,0.6560509554140127,157,8105,54515,2376,lightgbm_text_only
0.4500000000000001,0.8878530680395158,0.7872917951881555,0.8312759456090766,0.8312759456090766,0.8657368463897105,6381,806,1724,0.8421961752004935,0.6751592356687898,157,8105,54515,2376,lightgbm_text_only
0.47500000000000014,0.8931082981715893,0.783466995681678,0.8348366859933851,0.8348366859933851,0.8687919003967711,6350,760,1755,0.8421961752004935,0.7133757961783439,157,8105,54515,2376,lightgbm_text_only
0.5000000000000002,0.8980637813211845,0.7782850092535472,0.8358886344059268,0.8358886344059268,0.8712466506450098,6308,716,1797,0.8421961752004935,0.7197452229299363,157,8105,54515,2376,lightgbm_text_only
0.5250000000000001,0.9035328046142754,0.7731030228254164,0.838447542774261,0.838447542774261,0.8740410099037522,6266,669,1839,0.8421961752004935,0.7388535031847133,157,8105,54515,2376,lightgbm_text_only
0.5500000000000003,0.9089048106448311,0.7669339913633559,0.8402026900396365,0.8402026900396365,0.8764558247088351,6216,623,1889,0.8421961752004935,0.7643312101910829,157,8105,54515,2376,lightgbm_text_only
0.5750000000000002,0.919155354449472,0.7518815545959284,0.8408384869772595,0.8408384869772595,0.88,6094,536,2011,0.8421961752004935,0.7834394904458599,157,8105,54515,2376,lightgbm_text_only
0.6000000000000002,0.9255449800429844,0.7438618136952498,0.8418796449435844,0.8418796449435844,0.8824390386698282,6029,485,2076,0.8421961752004935,0.802547770700637,157,8105,54515,2376,lightgbm_text_only
0.6250000000000002,0.931704260651629,0.7338679827267119,0.8432171428618538,0.8432171428618538,0.8840403079575518,5948,436,2157,0.8421961752004935,0.8343949044585988,157,8105,54515,2376,lightgbm_text_only
0.6500000000000002,0.936741214057508,0.7235040098704504,0.8408544710739059,0.8408544710739059,0.8845979785789712,5864,396,2241,0.8421961752004935,0.8407643312101911,157,8105,54515,2376,lightgbm_text_only
0.6750000000000003,0.9450351709471618,0.7127698951264652,0.8406288702615042,0.8406288702615042,0.887213195318979,5777,336,2328,0.8421961752004935,0.8726114649681529,157,8105,54515,2376,lightgbm_text_only
0.7000000000000003,0.9518716577540107,0.7027760641579273,0.8405001634705592,0.8405001634705592,0.8888611466558471,5696,288,2409,0.8421961752004935,0.89171974522293,157,8105,54515,2376,lightgbm_text_only
0.7250000000000003,0.9586975149957155,0.6901912399753238,0.8381684520026902,0.8381684520026902,0.8894895849896645,5594,241,2511,0.8421961752004935,0.9044585987261147,157,8105,54515,2376,lightgbm_text_only
0.7500000000000002,0.9613906359189378,0.6789636027143738,0.8334449621091831,0.8334449621091831,0.8875520144511467,5503,221,2602,0.8421961752004935,0.9171974522292994,157,8105,54515,2376,lightgbm_text_only
0.7750000000000002,0.9655358104469575,0.6636644046884639,0.8264812673155946,0.8264812673155946,0.8850241863832308,5379,192,2726,0.8421961752004935,0.9363057324840764,157,8105,54515,2376,lightgbm_text_only
0.8000000000000003,0.9695852534562212,0.64898210980876,0.8208122410385823,0.8208122410385823,0.8824022814963932,5260,165,2845,0.8421961752004935,0.9617834394904459,157,8105,54515,2376,lightgbm_text_only
0.8250000000000003,0.9748283752860412,0.6307217766810611,0.8126155381770701,0.8126155381770701,0.8789243836181699,5112,132,2993,0.8421961752004935,0.9745222929936306,157,8105,54515,2376,lightgbm_text_only
0.8500000000000003,0.9807041973343943,0.608266502159161,0.799918293447552,0.799918293447552,0.8737107007407933,4930,97,3175,0.8421961752004935,0.9808917197452229,157,8105,54515,2376,lightgbm_text_only
0.8750000000000003,0.9841831425598335,0.5834669956816779,0.7856301749451207,0.7856301749451207,0.8653247941445563,4729,76,3376,0.8421961752004935,0.9872611464968153,157,8105,54515,2376,lightgbm_text_only
0.9000000000000004,0.9882795223352498,0.5513880320789636,0.7626798612750765,0.7626798612750765,0.8530905203680372,4469,53,3636,0.8421961752004935,0.9872611464968153,157,8105,54515,2376,lightgbm_text_only
0.9250000000000004,0.9923499880468564,0.5121529919802591,0.7323944892138698,0.7323944892138698,0.835648427748923,4151,32,3954,0.8421961752004935,0.9936305732484076,157,8105,54515,2376,lightgbm_text_only
0.9500000000000004,0.9941458222458754,0.4609500308451573,0.6916131120015753,0.6916131120015753,0.8073648269006354,3736,22,4369,0.8421961752004935,0.9936305732484076,157,8105,54515,2376,lightgbm_text_only
0.9750000000000003,0.9965419679346118,0.39111659469463295,0.6278234686194158,0.6278234686194158,0.760958279322099,3170,11,4935,0.8421961752004935,0.9936305732484076,157,8105,54515,2376,lightgbm_text_only
0.99,0.9982631350412505,0.28365206662553977,0.5173973711186443,0.5173973711186443,0.6637985794306173,2299,4,5806,0.8421961752004935,0.9936305732484076,157,8105,54515,2376,lightgbm_text_only
0.995,1.0,0.17939543491671808,0.38548636523221247,0.38548636523221247,0.5222325982328856,1454,0,6651,0.8421961752004935,1.0,157,8105,54515,2376,lightgbm_text_only
0.999,1.0,0.0023442319555829734,0.07113668980499045,0.07113668980499045,0.011612272338344946,19,0,8086,0.8421961752004935,1.0,157,8105,54515,2376,lightgbm_text_only
